batsman,no_of_sixes_fours,total_sixes_fours,player_total_runs,total_percentage,no_season_played
CH Gayle,733,3630,4772,76.06873428,12
V Kohli,706,3228,5878,54.91663831,13
DA Warner,705,3210,5254,61.09630758,11
S Dhawan,700,3018,5197,58.07196459,13
SK Raina,687,3136,5368,58.42026826,12
RG Sharma,672,3116,5230,59.5793499,13
AB de Villiers,625,2970,4849,61.24974221,13
RV Uthappa,617,2794,4607,60.64684176,13
SR Watson,566,2644,3874,68.24987093,12
G Gambhir,551,2322,4217,55.06284088,11
